"","District","District_merge","state","abbrev","district_num","PVI","predicted_dem_voteshare","lwr_pred_interval","upr_pred_interval","se.fit","districtlabs","residual.scale","prob_dem_win","con_prob_dem_win","con_predicted_dem_voteshare","con_lwr_pred_interval","con_upr_pred_interval","STATEAB","CDLABEL"
"1","Alabama 1","AL-01","Alabama","AL","01","R+16",31.79,25.53,38.06,0.207549616812316,"AL01",4.88285912934037,0,0.01,31.68,22.82,40.55,"AL","1"
"2","Alabama 2","AL-02","Alabama","AL","02","R+17",30.86,24.6,37.13,0.220647527472769,"AL02",4.88285912934037,0.02,0,30.76,21.89,39.62,"AL","2"
"3","Alabama 3","AL-03","Alabama","AL","03","R+19",29.13,22.87,35.4,0.216431333987527,"AL03",4.88285912934037,0,0.01,29.02,20.16,37.89,"AL","3"
"4","Alabama 4","AL-04","Alabama","AL","04","R+33",16.74,10.47,23.01,0.288274930693758,"AL04",4.88285912934037,0,0,16.63,7.76,25.5,"AL","4"
"5","Alabama 5","AL-05","Alabama","AL","05","R+17",30.97,24.7,37.23,0.19986425128262,"AL05",4.88285912934037,0,0.01,30.86,21.99,39.72,"AL","5"
"6","Alabama 6","AL-06","Alabama","AL","06","R+18",30.07,23.81,36.34,0.203746301516447,"AL06",4.88285912934037,0,0.02,29.96,21.1,38.83,"AL","6"
"7","Alabama 7","AL-07","Alabama","AL","07","D+14",64.94,58.68,71.21,0.214464580371736,"AL07",4.88285912934037,99.89,99.76,64.84,55.97,73.7,"AL","7"
"8","Alaska at-large","AK-01","Alaska","AK","01","R+8",45.47,39.2,51.74,0.278419672055102,"AK01",4.88285912934037,16.97,18.3,45.36,36.49,54.23,"AK","AK"
"9","Arizona 1","AZ-01","Arizona","AZ","01","R+2",44.44,38.17,50.7,0.213145237119113,"AZ01",4.88285912934037,12.49,14,44.33,35.46,53.2,"AZ","1"
"10","Arizona 2","AZ-02","Arizona","AZ","02","R+6",47.22,40.95,53.49,0.270399510065933,"AZ02",4.88285912934037,28.25,28.14,47.11,38.24,55.98,"AZ","2"
"11","Arizona 3","AZ-03","Arizona","AZ","03","D+24",73.81,67.54,80.08,0.23955229853857,"AZ03",4.88285912934037,100,100,73.7,64.84,82.57,"AZ","3"
"12","Arizona 4","AZ-04","Arizona","AZ","04","D+2",54.44,48.17,60.71,0.221674020526882,"AZ04",4.88285912934037,81.49,79.25,54.33,45.47,63.2,"AZ","4"
"13","Arizona 5","AZ-05","Arizona","AZ","05","R+11",36.34,30.07,42.6,0.185946105751088,"AZ05",4.88285912934037,0.24,0.41,36.23,27.37,45.1,"AZ","5"
"14","Arizona 6","AZ-06","Arizona","AZ","06","R+3",43.46,37.19,49.72,0.196003887822855,"AZ06",4.88285912934037,9.26,10.39,43.35,34.48,52.21,"AZ","6"
"15","Arizona 7","AZ-07","Arizona","AZ","07","D+15",65.82,59.55,72.08,0.2191634358758,"AZ07",4.88285912934037,99.92,99.92,65.71,56.84,74.57,"AZ","7"
"16","Arizona 8","AZ-08","Arizona","AZ","08","R+10",37.23,30.97,43.49,0.185633868130338,"AZ08",4.88285912934037,0.48,0.76,37.12,28.26,45.99,"AZ","8"
"17","Arizona 9","AZ-09","Arizona","AZ","09","R+16",31.78,25.52,38.05,0.209966612506829,"AZ09",4.88285912934037,0.01,0.03,31.67,22.81,40.54,"AZ","9"
"18","Arkansas 1","AR-01","Arkansas","AR","01","R+22",26.52,20.25,32.78,0.221128010467594,"AR01",4.88285912934037,0,0,26.41,17.54,35.27,"AR","1"
"19","Arkansas 2","AR-02","Arkansas","AR","02","R+9",38.13,31.87,44.39,0.186085035523013,"AR02",4.88285912934037,0.74,1.02,38.02,29.16,46.89,"AR","2"
"20","Arkansas 3","AR-03","Arkansas","AR","03","R+15",32.82,26.56,39.09,0.193182146410628,"AR03",4.88285912934037,0.02,0.06,32.72,23.85,41.58,"AR","3"
"21","Arkansas 4","AR-04","Arkansas","AR","04","R+20",28.26,22,34.53,0.216439829666607,"AR04",4.88285912934037,0,0,28.16,19.29,37.02,"AR","4"
"22","California 1","CA-01","California","CA","01","R+12",35.43,29.16,41.69,0.187323276267276,"CA01",4.88285912934037,0.14,0.22,35.32,26.45,44.18,"CA","1"
"23","California 2","CA-02","California","CA","02","D+23",73.36,67.09,79.64,0.304996449939986,"CA02",4.88285912934037,100,100,73.26,64.38,82.13,"CA","2"
"24","California 3","CA-03","California","CA","03","R+4",42.64,36.38,48.91,0.202834395711459,"CA03",4.88285912934037,6.43,7.67,42.53,33.67,51.4,"CA","3"
"25","California 4","CA-04","California","CA","04","D+17",67.87,61.6,74.13,0.224384282635263,"CA04",4.88285912934037,99.99,99.98,67.76,58.89,76.63,"CA","4"
"26","California 5","CA-05","California","CA","05","R+9",38.08,31.82,44.34,0.18668776017774,"CA05",4.88285912934037,0.7,1.04,37.97,29.11,46.84,"CA","5"
"27","California 6","CA-06","California","CA","06","D+7",58.83,52.57,65.1,0.206117869348508,"CA06",4.88285912934037,96.36,94.88,58.72,49.86,67.59,"CA","6"
"28","California 7","CA-07","California","CA","07","D+17",67.64,61.38,73.91,0.210514420750109,"CA07",4.88285912934037,99.98,99.95,67.54,58.67,76.4,"CA","7"
"29","California 8","CA-08","California","CA","08","D+26",75.64,69.38,81.91,0.238723153570301,"CA08",4.88285912934037,100,100,75.54,66.67,84.4,"CA","8"
"30","California 9","CA-09","California","CA","09","D+5",56.89,50.62,63.16,0.244531082698028,"CA09",4.88285912934037,92.05,90.36,56.78,47.91,65.65,"CA","9"
"31","California 10","CA-10","California","CA","10","D+18",68.72,62.45,74.98,0.217874861715894,"CA10",4.88285912934037,100,99.96,68.61,59.74,77.48,"CA","10"
"32","California 11","CA-11","California","CA","11","D+37",85.65,79.37,91.92,0.32371633968157,"CA11",4.88285912934037,100,100,85.54,76.66,94.41,"CA","11"
"33","California 12","CA-12","California","CA","12","D+40",88.26,81.99,94.54,0.334322641553042,"CA12",4.88285912934037,100,100,88.15,79.28,97.03,"CA","12"
"34","California 13","CA-13","California","CA","13","D+4",49.41,43.14,55.68,0.269506471044954,"CA13",4.88285912934037,44.47,43.84,49.3,40.44,58.17,"CA","13"
"35","California 14","CA-14","California","CA","14","D+22",72.09,65.82,78.36,0.222607614418407,"CA14",4.88285912934037,100,100,71.98,63.11,80.85,"CA","14"
"36","California 15","CA-15","California","CA","15","D+28",70.93,64.65,77.21,0.391645494262338,"CA15",4.88285912934037,100,99.99,70.82,61.94,79.7,"CA","15"
"37","California 16","CA-16","California","CA","16","D+26",75.84,69.57,82.11,0.251333808201857,"CA16",4.88285912934037,100,100,75.73,66.87,84.6,"CA","16"
"38","California 17","CA-17","California","CA","17","D+23",72.94,66.67,79.2,0.233043980369618,"CA17",4.88285912934037,100,100,72.83,63.96,81.7,"CA","17"
"39","California 18","CA-18","California","CA","18","D+21",71.12,64.86,77.39,0.235102621962073,"CA18",4.88285912934037,100,100,71.02,62.15,79.88,"CA","18"
"40","California 19","CA-19","California","CA","19","D+18",68.71,62.45,74.98,0.216866932152718,"CA19",4.88285912934037,100,99.98,68.61,59.74,77.47,"CA","19"
"41","California 20","CA-20","California","CA","20","R+16",31.72,25.46,37.99,0.226540852174977,"CA20",4.88285912934037,0.02,0.02,31.62,22.75,40.48,"CA","20"
"42","California 21","CA-21","California","CA","21","D+9",60.35,54.08,66.62,0.272842465163923,"CA21",4.88285912934037,98.42,97.41,60.24,51.37,69.11,"CA","21"
"43","California 22","CA-22","California","CA","22","D+5",50.23,43.96,56.5,0.301294962102574,"CA22",4.88285912934037,52.53,51.36,50.12,41.25,58.99,"CA","22"
"44","California 23","CA-23","California","CA","23","R+8",38.79,32.53,45.06,0.229354813905244,"CA23",4.88285912934037,1.1,1.43,38.69,29.82,47.55,"CA","23"
"45","California 24","CA-24","California","CA","24","D+13",64.27,58.01,70.54,0.209476471610441,"CA24",4.88285912934037,99.78,99.66,64.16,55.3,73.03,"CA","24"
"46","California 25","CA-25","California","CA","25","D+6",57.73,51.46,64,0.259795080361795,"CA25",4.88285912934037,94.65,92.74,57.62,48.75,66.49,"CA","25"
"47","California 26","CA-26","California","CA","26","D+8",59.71,53.44,65.97,0.204966202647443,"CA26",4.88285912934037,97.58,96.71,59.6,50.73,68.46,"CA","26"
"48","California 27","CA-27","California","CA","27","D+4",49.48,43.22,55.75,0.246754814288448,"CA27",4.88285912934037,45.63,45.26,49.38,40.51,58.24,"CA","27"
"49","California 28","CA-28","California","CA","28","D+16",66.68,60.41,72.94,0.227334917093229,"CA28",4.88285912934037,99.97,99.94,66.57,57.7,75.44,"CA","28"
"50","California 29","CA-29","California","CA","29","D+26",75.6,69.33,81.86,0.245981059144315,"CA29",4.88285912934037,100,100,75.49,66.62,84.36,"CA","29"
"51","California 30","CA-30","California","CA","30","D+23",73.2,66.94,79.47,0.244899991731287,"CA30",4.88285912934037,100,100,73.1,64.23,81.96,"CA","30"
"52","California 31","CA-31","California","CA","31","D+15",65.66,59.39,71.93,0.277774965202166,"CA31",4.88285912934037,99.96,99.87,65.55,56.68,74.42,"CA","31"
"53","California 32","CA-32","California","CA","32","D+20",70.52,64.25,76.78,0.228292174105528,"CA32",4.88285912934037,99.99,99.99,70.41,61.54,79.28,"CA","32"
"54","California 33","CA-33","California","CA","33","D+12",63.01,56.74,69.28,0.268917076404195,"CA33",4.88285912934037,99.56,99.3,62.91,54.04,71.78,"CA","33"
"55","California 34","CA-34","California","CA","34","D+32",80.85,74.58,87.12,0.292327858679672,"CA34",4.88285912934037,100,100,80.74,71.87,89.61,"CA","34"
"56","California 35","CA-35","California","CA","35","D+13",63.88,57.61,70.15,0.276567342548641,"CA35",4.88285912934037,99.81,99.53,63.78,54.91,72.65,"CA","35"
"57","California 36","CA-36","California","CA","36","D+21",71.43,65.16,77.69,0.236989183987405,"CA36",4.88285912934037,100,100,71.32,62.45,80.18,"CA","36"
"58","California 37","CA-37","California","CA","37","D+37",78.82,72.53,85.1,0.470037626682849,"CA37",4.88285912934037,100,100,78.71,69.82,87.6,"CA","37"
"59","California 38","CA-38","California","CA","38","D+14",64.75,58.48,71.02,0.285806356396328,"CA38",4.88285912934037,99.88,99.79,64.64,55.77,73.51,"CA","38"
"60","California 39","CA-39","California","CA","39","D+12",63.04,56.77,69.31,0.258573208952558,"CA39",4.88285912934037,99.6,99.32,62.93,54.06,71.8,"CA","39"
"61","California 40","CA-40","California","CA","40","R+2",44.25,37.99,50.52,0.20315685953522,"CA40",4.88285912934037,12.44,13.31,44.15,35.28,53.01,"CA","40"
"62","California 41","CA-41","California","CA","41","R+3",43.31,37.05,49.58,0.210350857060907,"CA41",4.88285912934037,8.63,9.81,43.21,34.34,52.07,"CA","41"
"63","California 42","CA-42","California","CA","42","D+22",65.47,59.19,71.75,0.355959307059918,"CA42",4.88285912934037,99.89,99.75,65.36,56.48,74.24,"CA","42"
"64","California 43","CA-43","California","CA","43","D+32",80.8,74.52,87.07,0.308484273864369,"CA43",4.88285912934037,100,100,80.69,71.82,89.56,"CA","43"
"65","California 44","CA-44","California","CA","44","D+24",73.7,67.44,79.97,0.271024075366111,"CA44",4.88285912934037,100,100,73.6,64.73,82.47,"CA","44"
"66","California 45","CA-45","California","CA","45","D+2",47.61,41.35,53.88,0.271047163816923,"CA45",4.88285912934037,30.91,31.17,47.51,38.64,56.38,"CA","45"
"67","California 46","CA-46","California","CA","46","D+15",65.7,59.43,71.97,0.25890581942218,"CA46",4.88285912934037,99.85,99.82,65.59,56.72,74.46,"CA","46"
"68","California 47","CA-47","California","CA","47","D+3",55.29,49.03,61.56,0.217550069866301,"CA47",4.88285912934037,85.61,83.61,55.19,46.32,64.05,"CA","47"
"69","California 48","CA-48","California","CA","48","R+9",38.02,31.76,44.29,0.194644449803586,"CA48",4.88285912934037,0.79,1.13,37.91,29.05,46.78,"CA","48"
"70","California 49","CA-49","California","CA","49","D+3",55.34,49.07,61.6,0.218350177623285,"CA49",4.88285912934037,86.16,84.09,55.23,46.36,64.09,"CA","49"
"71","California 50","CA-50","California","CA","50","D+14",65.18,58.92,71.45,0.214842853640786,"CA50",4.88285912934037,99.92,99.86,65.07,56.21,73.94,"CA","50"
"72","California 51","CA-51","California","CA","51","D+12",63.29,57.03,69.56,0.199642565010679,"CA51",4.88285912934037,99.69,99.48,63.19,54.32,72.05,"CA","51"
"73","California 52","CA-52","California","CA","52","D+18",68.34,62.07,74.61,0.270683055014069,"CA52",4.88285912934037,100,99.98,68.23,59.37,77.1,"CA","52"
"74","Colorado 1","CO-01","Colorado","CO","01","D+29",78.61,72.34,84.89,0.298703444332112,"CO01",4.88285912934037,100,100,78.51,69.64,87.38,"CO","1"
"75","Colorado 2","CO-02","Colorado","CO","02","D+17",68.05,61.78,74.32,0.297655015310145,"CO02",4.88285912934037,100,99.99,67.95,59.07,76.82,"CO","2"
"76","Colorado 3","CO-03","Colorado","CO","03","R+7",39.92,33.65,46.18,0.188304878986087,"CO03",4.88285912934037,1.65,2.33,39.81,30.94,48.67,"CO","3"
"77","Colorado 4","CO-04","Colorado","CO","04","R+13",34.63,28.36,40.89,0.193028148873855,"CO04",4.88285912934037,0.06,0.14,34.52,25.66,43.39,"CO","4"
"78","Colorado 5","CO-05","Colorado","CO","05","R+9",38.12,31.85,44.38,0.185713946215891,"CO05",4.88285912934037,0.68,1.07,38.01,29.14,46.87,"CO","5"
"79","Colorado 6","CO-06","Colorado","CO","06","D+9",60.74,54.47,67.01,0.215208813056198,"CO06",4.88285912934037,98.6,97.81,60.63,51.77,69.5,"CO","6"
"80","Colorado 7","CO-07","Colorado","CO","07","D+4",49.85,43.58,56.11,0.260957769658693,"CO07",4.88285912934037,49.05,48.7,49.74,40.87,58.61,"CO","7"
"81","Colorado 8","CO-08","Colorado","CO","08","0",46.1,39.84,52.37,0.205694247601561,"CO08",4.88285912934037,21.22,22.22,45.99,37.13,54.86,"CO","8"
"82","Connecticut 1","CT-01","Connecticut","CT","01","D+12",63.4,57.13,69.67,0.212566457619407,"CT01",4.88285912934037,99.86,99.68,63.29,54.43,72.16,"CT","1"
"83","Connecticut 2","CT-02","Connecticut","CT","02","D+3",55.51,49.24,61.78,0.254892789834933,"CT02",4.88285912934037,87.04,84.98,55.4,46.53,64.27,"CT","2"
"84","Connecticut 3","CT-03","Connecticut","CT","03","D+7",58.95,52.69,65.22,0.215522022201196,"CT03",4.88285912934037,96.62,95.23,58.84,49.98,67.71,"CT","3"
"85","Connecticut 4","CT-04","Connecticut","CT","04","D+13",64.31,58.04,70.57,0.217720865185233,"CT04",4.88285912934037,99.83,99.62,64.2,55.33,73.07,"CT","4"
"86","Connecticut 5","CT-05","Connecticut","CT","05","D+3",55.41,49.15,61.68,0.228590243242045,"CT05",4.88285912934037,86.46,84.04,55.31,46.44,64.17,"CT","5"
"87","Delaware at-large","DE-01","Delaware","DE","01","D+7",58.94,52.67,65.2,0.212798108774651,"DE01",4.88285912934037,96.56,95.41,58.83,49.96,67.7,"DE","DE"
"88","Florida 1","FL-01","Florida","FL","01","R+19",29.18,22.91,35.44,0.208646680197253,"FL01",4.88285912934037,0,0,29.07,20.2,37.93,"FL","1"
"89","Florida 2","FL-02","Florida","FL","02","R+8",38.96,32.7,45.23,0.187555026211749,"FL02",4.88285912934037,1.17,1.55,38.86,29.99,47.72,"FL","2"
"90","Florida 3","FL-03","Florida","FL","03","R+9",38.1,31.83,44.36,0.185833776950512,"FL03",4.88285912934037,0.53,0.85,37.99,29.13,46.85,"FL","3"
"91","Florida 4","FL-04","Florida","FL","04","R+6",40.67,34.41,46.94,0.199734851003217,"FL04",4.88285912934037,2.51,3.31,40.56,31.7,49.43,"FL","4"
"92","Florida 5","FL-05","Florida","FL","05","R+11",36.32,30.06,42.59,0.186197619302667,"FL05",4.88285912934037,0.21,0.4,36.21,27.35,45.08,"FL","5"
"93","Florida 6","FL-06","Florida","FL","06","R+14",33.68,27.41,39.94,0.189711809902021,"FL06",4.88285912934037,0.02,0.08,33.57,24.7,42.43,"FL","6"
"94","Florida 7","FL-07","Florida","FL","07","R+5",41.66,35.4,47.93,0.190449082373512,"FL07",4.88285912934037,4.47,5.34,41.55,32.69,50.42,"FL","7"
"95","Florida 8","FL-08","Florida","FL","08","R+11",36.37,30.11,42.64,0.187630408650166,"FL08",4.88285912934037,0.31,0.51,36.27,27.4,45.13,"FL","8"
"96","Florida 9","FL-09","Florida","FL","09","D+8",59.54,53.27,65.81,0.241848465667616,"FL09",4.88285912934037,97.45,96.31,59.43,50.57,68.3,"FL","9"
"97","Florida 10","FL-10","Florida","FL","10","D+14",58.46,52.19,64.73,0.287569892004305,"FL10",4.88285912934037,96,94.34,58.35,49.48,67.22,"FL","10"
"98","Florida 11","FL-11","Florida","FL","11","R+8",38.97,32.71,45.23,0.187016555754175,"FL11",4.88285912934037,1.05,1.55,38.86,30,47.73,"FL","11"
"99","Florida 12","FL-12","Florida","FL","12","R+17",31.03,24.76,37.29,0.197458921780531,"FL12",4.88285912934037,0,0,30.92,22.05,39.79,"FL","12"
"100","Florida 13","FL-13","Florida","FL","13","R+6",40.88,34.62,47.14,0.201642348029024,"FL13",4.88285912934037,2.79,3.89,40.77,31.91,49.64,"FL","13"
"101","Florida 14","FL-14","Florida","FL","14","D+8",59.7,53.44,65.97,0.205119308326602,"FL14",4.88285912934037,97.66,96.76,59.6,50.73,68.46,"FL","14"
"102","Florida 15","FL-15","Florida","FL","15","R+4",42.49,36.22,48.75,0.196510126851485,"FL15",4.88285912934037,6.11,7.16,42.38,33.51,51.24,"FL","15"
"103","Florida 16","FL-16","Florida","FL","16","R+7",39.88,33.62,46.15,0.187171502003664,"FL16",4.88285912934037,2.11,2.49,39.78,30.91,48.64,"FL","16"
"104","Florida 17","FL-17","Florida","FL","17","R+10",37.31,31.05,43.58,0.194832317711504,"FL17",4.88285912934037,0.57,0.91,37.21,28.34,46.07,"FL","17"
"105","Florida 18","FL-18","Florida","FL","18","R+13",34.46,28.2,40.73,0.198900213667948,"FL18",4.88285912934037,0.06,0.18,34.36,25.49,43.22,"FL","18"
"106","Florida 19","FL-19","Florida","FL","19","R+13",34.6,28.33,40.86,0.189315042468942,"FL19",4.88285912934037,0.08,0.15,34.49,25.62,43.35,"FL","19"
"107","Florida 20","FL-20","Florida","FL","20","D+25",74.69,68.42,80.96,0.24596881751539,"FL20",4.88285912934037,100,100,74.58,65.71,83.45,"FL","20"
"108","Florida 21","FL-21","Florida","FL","21","R+7",39.92,33.65,46.18,0.188434731625073,"FL21",4.88285912934037,1.91,2.51,39.81,30.94,48.67,"FL","21"
"109","Florida 22","FL-22","Florida","FL","22","D+7",58.89,52.63,65.16,0.207185777039882,"FL22",4.88285912934037,96.79,95.33,58.78,49.92,67.65,"FL","22"
"110","Florida 23","FL-23","Florida","FL","23","D+5",50.6,44.33,56.87,0.233952196519031,"FL23",4.88285912934037,54.96,53.66,50.49,41.63,59.36,"FL","23"
"111","Florida 24","FL-24","Florida","FL","24","D+25",74.6,68.33,80.87,0.271580581334615,"FL24",4.88285912934037,100,100,74.49,65.62,83.36,"FL","24"
"112","Florida 25","FL-25","Florida","FL","25","D+9",60.47,54.2,66.73,0.228243981001921,"FL25",4.88285912934037,98.56,97.69,60.36,51.49,69.22,"FL","25"
"113","Florida 26","FL-26","Florida","FL","26","R+8",38.55,32.28,44.83,0.34614597606298,"FL26",4.88285912934037,0.8,1.19,38.44,29.57,47.32,"FL","26"
"114","Florida 27","FL-27","Florida","FL","27","0",45.68,39.41,51.96,0.339996928838247,"FL27",4.88285912934037,19.24,20.77,45.57,36.7,54.45,"FL","27"
"115","Florida 28","FL-28","Florida","FL","28","R+2",43.89,37.62,50.17,0.344570225088515,"FL28",4.88285912934037,10.5,11.98,43.78,34.91,52.66,"FL","28"
"116","Georgia 1","GA-01","Georgia","GA","01","R+9",38.02,31.75,44.28,0.1955536169236,"GA01",4.88285912934037,0.8,1.16,37.91,29.04,46.77,"GA","1"
"117","Georgia 2","GA-02","Georgia","GA","02","D+3",55.13,48.86,61.39,0.24705937766944,"GA02",4.88285912934037,84.7,82.4,55.02,46.15,63.89,"GA","2"
"118","Georgia 3","GA-03","Georgia","GA","03","R+18",30.03,23.76,36.29,0.211387033579784,"GA03",4.88285912934037,0,0.01,29.92,21.05,38.78,"GA","3"
"119","Georgia 4","GA-04","Georgia","GA","04","D+27",76.53,70.26,82.79,0.244040978316621,"GA04",4.88285912934037,100,100,76.42,67.55,85.29,"GA","4"
"120","Georgia 5","GA-05","Georgia","GA","05","D+32",81.07,74.8,87.34,0.26972081533297,"GA05",4.88285912934037,100,100,80.96,72.09,89.83,"GA","5"
"121","Georgia 6","GA-06","Georgia","GA","06","R+11",36.35,30.09,42.61,0.186174921498745,"GA06",4.88285912934037,0.16,0.48,36.24,27.38,45.11,"GA","6"
"122","Georgia 7","GA-07","Georgia","GA","07","D+10",61.39,55.13,67.66,0.216367101764008,"GA07",4.88285912934037,98.99,98.25,61.28,52.42,70.15,"GA","7"
"123","Georgia 8","GA-08","Georgia","GA","08","R+16",31.75,25.48,38.01,0.21950968987584,"GA08",4.88285912934037,0,0.02,31.64,22.77,40.5,"GA","8"
"124","Georgia 9","GA-09","Georgia","GA","09","R+22",26.5,20.23,32.77,0.223412670998774,"GA09",4.88285912934037,0,0,26.39,17.52,35.26,"GA","9"
"125","Georgia 10","GA-10","Georgia","GA","10","R+15",32.71,26.45,38.98,0.198371501324161,"GA10",4.88285912934037,0.01,0.07,32.6,23.74,41.47,"GA","10"
"126","Georgia 11","GA-11","Georgia","GA","11","R+11",36.3,30.04,42.56,0.187524296762944,"GA11",4.88285912934037,0.32,0.36,36.19,27.33,45.06,"GA","11"
"127","Georgia 12","GA-12","Georgia","GA","12","R+8",38.86,32.59,45.12,0.208183140593689,"GA12",4.88285912934037,1.01,1.53,38.75,29.88,47.61,"GA","12"
"128","Georgia 13","GA-13","Georgia","GA","13","D+28",77.33,71.06,83.6,0.263713747145918,"GA13",4.88285912934037,100,100,77.22,68.36,86.09,"GA","13"
"129","Georgia 14","GA-14","Georgia","GA","14","R+22",26.51,20.24,32.77,0.222260159952132,"GA14",4.88285912934037,0,0,26.4,17.53,35.27,"GA","14"
"130","Hawaii 1","HI-01","Hawaii","HI","01","D+14",64.73,58.46,71,0.294266602656385,"HI01",4.88285912934037,99.86,99.73,64.63,55.75,73.5,"HI","1"
"131","Hawaii 2","HI-02","Hawaii","HI","02","D+14",58.35,52.08,64.62,0.304229089285613,"HI02",4.88285912934037,95.94,94.16,58.24,49.37,67.12,"HI","2"
"132","Idaho 1","ID-01","Idaho","ID","01","R+22",26.6,20.33,32.86,0.217360994331767,"ID01",4.88285912934037,0,0,26.49,17.62,35.35,"ID","1"
"133","Idaho 2","ID-02","Idaho","ID","02","R+14",33.75,27.49,40.02,0.196629552872296,"ID02",4.88285912934037,0.06,0.1,33.65,24.78,42.51,"ID","2"
"134","Illinois 1","IL-01","Illinois","IL","01","D+20",63.79,57.51,70.06,0.33042544860893,"IL01",4.88285912934037,99.76,99.49,63.68,54.8,72.55,"IL","1"
"135","Illinois 2","IL-02","Illinois","IL","02","D+19",69.43,63.16,75.69,0.213225976194103,"IL02",4.88285912934037,99.99,99.98,69.32,60.45,78.19,"IL","2"
"136","Illinois 3","IL-03","Illinois","IL","03","D+20",63.9,57.62,70.17,0.331747394466178,"IL03",4.88285912934037,99.75,99.53,63.79,54.92,72.66,"IL","3"
"137","Illinois 4","IL-04","Illinois","IL","04","D+22",72.07,65.8,78.33,0.225949985729238,"IL04",4.88285912934037,100,100,71.96,63.09,80.83,"IL","4"
"138","Illinois 5","IL-05","Illinois","IL","05","D+18",68.89,62.62,75.16,0.275444804103267,"IL05",4.88285912934037,99.98,99.97,68.78,59.91,77.65,"IL","5"
"139","Illinois 6","IL-06","Illinois","IL","06","D+3",55.45,49.18,61.71,0.236341619606638,"IL06",4.88285912934037,86.2,84.21,55.34,46.47,64.21,"IL","6"
"140","Illinois 7","IL-07","Illinois","IL","07","D+36",84.62,78.35,90.89,0.295314188362755,"IL07",4.88285912934037,100,100,84.51,75.64,93.38,"IL","7"
"141","Illinois 8","IL-08","Illinois","IL","08","D+6",58.03,51.77,64.3,0.212543244036484,"IL08",4.88285912934037,94.91,93.16,57.92,49.06,66.79,"IL","8"
"142","Illinois 9","IL-09","Illinois","IL","09","D+19",69.7,63.43,75.97,0.247540741591108,"IL09",4.88285912934037,100,99.99,69.59,60.72,78.46,"IL","9"
"143","Illinois 10","IL-10","Illinois","IL","10","D+11",62.55,56.29,68.82,0.222813601931159,"IL10",4.88285912934037,99.56,99.26,62.44,53.58,71.31,"IL","10"
"144","Illinois 11","IL-11","Illinois","IL","11","D+5",57.2,50.93,63.46,0.224528145654656,"IL11",4.88285912934037,93.22,91.43,57.09,48.22,65.96,"IL","11"
"145","Illinois 12","IL-12","Illinois","IL","12","R+24",24.83,18.56,31.1,0.227725052789498,"IL12",4.88285912934037,0,0,24.72,15.86,33.59,"IL","12"
"146","Illinois 13","IL-13","Illinois","IL","13","D+3",48.88,42.61,55.14,0.233244019777843,"IL13",4.88285912934037,41.62,40.88,48.77,39.9,57.64,"IL","13"
"147","Illinois 14","IL-14","Illinois","IL","14","D+4",56.26,49.99,62.52,0.21815784445206,"IL14",4.88285912934037,90.19,88.52,56.15,47.28,65.02,"IL","14"
"148","Illinois 15","IL-15","Illinois","IL","15","R+22",26.65,20.38,32.92,0.222006041000363,"IL15",4.88285912934037,0,0,26.54,17.68,35.41,"IL","15"
"149","Illinois 16","IL-16","Illinois","IL","16","R+13",34.7,28.44,40.97,0.209031107723575,"IL16",4.88285912934037,0.08,0.12,34.59,25.73,43.46,"IL","16"
"150","Illinois 17","IL-17","Illinois","IL","17","D+2",48.02,41.75,54.29,0.236039000481692,"IL17",4.88285912934037,34.73,34.78,47.91,39.04,56.78,"IL","17"
"151","Indiana 1","IN-01","Indiana","IN","01","D+3",55.34,49.08,61.61,0.218734120641923,"IN01",4.88285912934037,85.9,83.51,55.23,46.37,64.1,"IN","1"
"152","Indiana 2","IN-02","Indiana","IN","02","R+14",33.75,27.48,40.01,0.195505584590341,"IN02",4.88285912934037,0.04,0.13,33.64,24.77,42.5,"IN","2"
"153","Indiana 3","IN-03","Indiana","IN","03","R+18",30.18,23.92,36.45,0.203777131192519,"IN03",4.88285912934037,0,0,30.07,21.21,38.94,"IN","3"
"154","Indiana 4","IN-04","Indiana","IN","04","R+18",30.21,23.94,36.47,0.207009292526313,"IN04",4.88285912934037,0,0.03,30.1,21.23,38.96,"IN","4"
"155","Indiana 5","IN-05","Indiana","IN","05","R+11",36.46,30.19,42.72,0.202550868878824,"IN05",4.88285912934037,0.31,0.5,36.35,27.49,45.22,"IN","5"
"156","Indiana 6","IN-06","Indiana","IN","06","R+19",29.31,23.05,35.58,0.209876912915374,"IN06",4.88285912934037,0.01,0.01,29.21,20.34,38.07,"IN","6"
"157","Indiana 7","IN-07","Indiana","IN","07","D+19",69.59,63.33,75.86,0.217898601076655,"IN07",4.88285912934037,99.99,99.99,69.49,60.62,78.35,"IN","7"
"158","Indiana 8","IN-08","Indiana","IN","08","R+19",29.33,23.06,35.6,0.212532489402142,"IN08",4.88285912934037,0.01,0,29.22,20.36,38.09,"IN","8"
"159","Indiana 9","IN-09","Indiana","IN","09","R+16",32.02,25.76,38.29,0.210003751437754,"IN09",4.88285912934037,0.02,0.02,31.91,23.05,40.78,"IN","9"
"160","Iowa 1","IA-01","Iowa","IA","01","R+3",43.65,37.38,49.91,0.2412124956828,"IA01",4.88285912934037,9.84,11.14,43.54,34.67,52.41,"IA","1"
"161","Iowa 2","IA-02","Iowa","IA","02","R+4",42.77,36.51,49.04,0.243763840826178,"IA02",4.88285912934037,6.6,7.91,42.66,33.8,51.53,"IA","2"
"162","Iowa 3","IA-03","Iowa","IA","03","R+3",50.16,43.89,56.43,0.270291967303631,"IA03",4.88285912934037,51.3,50.11,50.05,41.18,58.92,"IA","3"
"163","Iowa 4","IA-04","Iowa","IA","04","R+16",32.01,25.74,38.27,0.20610837714135,"IA04",4.88285912934037,0.02,0.03,31.9,23.03,40.76,"IA","4"
"164","Kansas 1","KS-01","Kansas","KS","01","R+18",30.08,23.82,36.35,0.202722862386267,"KS01",4.88285912934037,0,0,29.97,21.11,38.84,"KS","1"
"165","Kansas 2","KS-02","Kansas","KS","02","R+11",36.31,30.05,42.58,0.186655028727231,"KS02",4.88285912934037,0.31,0.38,36.2,27.34,45.07,"KS","2"
"166","Kansas 3","KS-03","Kansas","KS","03","R+1",51.86,45.59,58.13,0.244213357313924,"KS03",4.88285912934037,64.74,62.4,51.75,42.89,60.62,"KS","3"
"167","Kansas 4","KS-04","Kansas","KS","04","R+14",33.63,27.36,39.89,0.1923780142643,"KS04",4.88285912934037,0.05,0.14,33.52,24.65,42.38,"KS","4"
"168","Kentucky 1","KY-01","Kentucky","KY","01","R+24",24.81,18.55,31.08,0.227214903709199,"KY01",4.88285912934037,0,0,24.71,15.84,33.57,"KY","1"
"169","Kentucky 2","KY-02","Kentucky","KY","02","R+21",27.51,21.25,33.78,0.214828188227191,"KY02",4.88285912934037,0,0,27.41,18.54,36.27,"KY","2"
"170","Kentucky 3","KY-03","Kentucky","KY","03","D+9",54.24,47.97,60.51,0.273965574673903,"KY03",4.88285912934037,80.71,78.29,54.13,45.26,63,"KY","3"
"171","Kentucky 4","KY-04","Kentucky","KY","04","R+19",29.33,23.07,35.6,0.213048126399323,"KY04",4.88285912934037,0.01,0.01,29.23,20.36,38.09,"KY","4"
"172","Kentucky 5","KY-05","Kentucky","KY","05","R+32",17.71,11.44,23.98,0.275941636920123,"KY05",4.88285912934037,0,0,17.61,8.73,26.48,"KY","5"
"173","Kentucky 6","KY-06","Kentucky","KY","06","R+9",38.24,31.98,44.5,0.204236371054959,"KY06",4.88285912934037,0.88,1.06,38.13,29.27,47,"KY","6"
"174","Louisiana 1","LA-01","Louisiana","LA","01","R+23",25.61,19.34,31.88,0.228644906578672,"LA01",4.88285912934037,0,0,25.5,16.63,34.37,"LA","1"
"175","Louisiana 2","LA-02","Louisiana","LA","02","D+25",74.72,68.45,80.99,0.239244849226379,"LA02",4.88285912934037,100,100,74.61,65.75,83.48,"LA","2"
"176","Louisiana 3","LA-03","Louisiana","LA","03","R+21",27.34,21.07,33.6,0.229212862549933,"LA03",4.88285912934037,0,0,27.23,18.36,36.09,"LA","3"
"177","Louisiana 4","LA-04","Louisiana","LA","04","R+14",33.51,27.25,39.78,0.217282040613231,"LA04",4.88285912934037,0.03,0.07,33.41,24.54,42.27,"LA","4"
"178","Louisiana 5","LA-05","Louisiana","LA","05","R+17",30.84,24.58,37.11,0.227286085118256,"LA05",4.88285912934037,0.01,0.01,30.73,21.87,39.6,"LA","5"
"179","Louisiana 6","LA-06","Louisiana","LA","06","R+19",29.13,22.86,35.4,0.21674194941038,"LA06",4.88285912934037,0,0,29.02,20.16,37.89,"LA","6"
"180","Maine 1","ME-01","Maine","ME","01","D+9",60.97,54.7,67.25,0.3040316555055,"ME01",4.88285912934037,98.79,97.93,60.87,51.99,69.74,"ME","1"
"181","Maine 2","ME-02","Maine","ME","02","R+6",47.53,41.26,53.81,0.296101778013313,"ME02",4.88285912934037,30.78,31.49,47.43,38.56,56.3,"ME","2"
"182","Maryland 1","MD-01","Maryland","MD","01","R+11",36.38,30.11,42.64,0.187933344678702,"MD01",4.88285912934037,0.24,0.37,36.27,27.41,45.13,"MD","1"
"183","Maryland 2","MD-02","Maryland","MD","02","D+7",58.94,52.68,65.21,0.213704685596239,"MD02",4.88285912934037,96.85,95.82,58.83,49.97,67.7,"MD","2"
"184","Maryland 3","MD-03","Maryland","MD","03","D+10",61.62,55.36,67.89,0.213136715802634,"MD03",4.88285912934037,99.05,98.55,61.52,52.65,70.38,"MD","3"
"185","Maryland 4","MD-04","Maryland","MD","04","D+40",81.49,75.2,87.78,0.494342596954457,"MD04",4.88285912934037,100,100,81.38,72.49,90.27,"MD","4"
"186","Maryland 5","MD-05","Maryland","MD","05","D+15",65.94,59.67,72.2,0.201061614682295,"MD05",4.88285912934037,99.94,99.95,65.83,56.97,74.7,"MD","5"
"187","Maryland 6","MD-06","Maryland","MD","06","D+2",54.49,48.22,60.75,0.225724198130581,"MD06",4.88285912934037,82.29,80.34,54.38,45.51,63.25,"MD","6"
"188","Maryland 7","MD-07","Maryland","MD","07","D+30",79.24,72.97,85.51,0.256465385961714,"MD07",4.88285912934037,100,100,79.13,70.26,88,"MD","7"
"189","Maryland 8","MD-08","Maryland","MD","08","D+29",78.54,72.27,84.81,0.275091205319486,"MD08",4.88285912934037,100,100,78.43,69.56,87.3,"MD","8"
"190","Massachusetts 1","MA-01","Massachusetts","MA","01","D+9",60.81,54.54,67.08,0.234840851435196,"MA01",4.88285912934037,98.5,97.89,60.7,51.83,69.57,"MA","1"
"191","Massachusetts 2","MA-02","Massachusetts","MA","02","D+13",64.44,58.17,70.71,0.264782876058507,"MA02",4.88285912934037,99.83,99.7,64.33,55.46,73.2,"MA","2"
"192","Massachusetts 3","MA-03","Massachusetts","MA","03","D+11",62.58,56.31,68.84,0.230201726803258,"MA03",4.88285912934037,99.54,99.11,62.47,53.6,71.33,"MA","3"
"193","Massachusetts 4","MA-04","Massachusetts","MA","04","D+12",63.59,57.32,69.86,0.281375007177248,"MA04",4.88285912934037,99.73,99.54,63.48,54.61,72.35,"MA","4"
"194","Massachusetts 5","MA-05","Massachusetts","MA","05","D+23",73.37,67.1,79.64,0.307116924104938,"MA05",4.88285912934037,100,100,73.26,64.39,82.13,"MA","5"
"195","Massachusetts 6","MA-06","Massachusetts","MA","06","D+11",62.69,56.42,68.96,0.273644597024813,"MA06",4.88285912934037,99.6,99.33,62.58,53.71,71.45,"MA","6"
"196","Massachusetts 7","MA-07","Massachusetts","MA","07","D+35",83.86,77.59,90.14,0.309373544112369,"MA07",4.88285912934037,100,100,83.76,74.88,92.63,"MA","7"
"197","Massachusetts 8","MA-08","Massachusetts","MA","08","D+15",66.19,59.92,72.46,0.254967937996818,"MA08",4.88285912934037,99.97,99.92,66.08,57.21,74.95,"MA","8"
"198","Massachusetts 9","MA-09","Massachusetts","MA","09","D+6",58.25,51.98,64.52,0.27942390219171,"MA09",4.88285912934037,95.36,93.65,58.14,49.27,67.01,"MA","9"
"199","Michigan 1","MI-01","Michigan","MI","01","R+13",34.71,28.44,40.98,0.211575507979069,"MI01",4.88285912934037,0.11,0.21,34.6,25.74,43.47,"MI","1"
"200","Michigan 2","MI-02","Michigan","MI","02","R+16",32.02,25.75,38.28,0.208705227123333,"MI02",4.88285912934037,0,0.04,31.91,23.04,40.78,"MI","2"
"201","Michigan 3","MI-03","Michigan","MI","03","D+1",47.13,40.87,53.4,0.232825124854382,"MI03",4.88285912934037,27.73,28.41,47.03,38.16,55.89,"MI","3"
"202","Michigan 4","MI-04","Michigan","MI","04","R+5",41.79,35.52,48.05,0.207977496430089,"MI04",4.88285912934037,4.57,5.64,41.68,32.81,50.54,"MI","4"
"203","Michigan 5","MI-05","Michigan","MI","05","R+15",32.89,26.63,39.16,0.203926686212994,"MI05",4.88285912934037,0.04,0.06,32.79,23.92,41.65,"MI","5"
"204","Michigan 6","MI-06","Michigan","MI","06","D+11",62.61,56.35,68.88,0.24360836633834,"MI06",4.88285912934037,99.69,99.23,62.51,53.64,71.37,"MI","6"
"205","Michigan 7","MI-07","Michigan","MI","07","R+2",51.04,44.77,57.31,0.263127465271735,"MI07",4.88285912934037,58.58,56.42,50.93,42.06,59.8,"MI","7"
"206","Michigan 8","MI-08","Michigan","MI","08","R+1",51.86,45.59,58.13,0.243804788621754,"MI08",4.88285912934037,65.12,63.58,51.75,42.88,60.62,"MI","8"
"207","Michigan 9","MI-09","Michigan","MI","09","R+18",30.23,23.96,36.49,0.21075795103364,"MI09",4.88285912934037,0,0.01,30.12,21.25,38.98,"MI","9"
"208","Michigan 10","MI-10","Michigan","MI","10","R+3",43.55,37.29,49.82,0.2105577974321,"MI10",4.88285912934037,9.61,10.86,43.44,34.58,52.31,"MI","10"
"209","Michigan 11","MI-11","Michigan","MI","11","D+7",59,52.74,65.27,0.228170521414527,"MI11",4.88285912934037,96.83,95.79,58.9,50.03,67.76,"MI","11"
"210","Michigan 12","MI-12","Michigan","MI","12","D+23",73.08,66.82,79.35,0.223143640228397,"MI12",4.88285912934037,100,100,72.97,64.11,81.84,"MI","12"
"211","Michigan 13","MI-13","Michigan","MI","13","D+23",66.5,60.23,72.78,0.35204885987202,"MI13",4.88285912934037,99.93,99.9,66.39,57.52,75.27,"MI","13"
"212","Minnesota 1","MN-01","Minnesota","MN","01","R+7",40.07,33.81,46.34,0.224893734467835,"MN01",4.88285912934037,2.25,2.66,39.97,31.1,48.83,"MN","1"
"213","Minnesota 2","MN-02","Minnesota","MN","02","D+1",53.72,47.45,59.99,0.257001348409472,"MN02",4.88285912934037,77.6,75.69,53.61,44.74,62.48,"MN","2"
"214","Minnesota 3","MN-03","Minnesota","MN","03","D+8",59.97,53.71,66.24,0.254515200058201,"MN03",4.88285912934037,97.75,96.78,59.87,51,68.73,"MN","3"
"215","Minnesota 4","MN-04","Minnesota","MN","04","D+17",67.96,61.69,74.23,0.25663632920748,"MN04",4.88285912934037,100,99.96,67.85,58.98,76.72,"MN","4"
"216","Minnesota 5","MN-05","Minnesota","MN","05","D+30",79.59,73.32,85.87,0.338629184809292,"MN05",4.88285912934037,100,100,79.48,70.61,88.36,"MN","5"
"217","Minnesota 6","MN-06","Minnesota","MN","06","R+12",35.59,29.33,41.86,0.209383394827222,"MN06",4.88285912934037,0.21,0.28,35.49,26.62,44.35,"MN","6"
"218","Minnesota 7","MN-07","Minnesota","MN","07","R+19",29.34,23.08,35.61,0.21505552214056,"MN07",4.88285912934037,0,0.01,29.24,20.37,38.1,"MN","7"
"219","Minnesota 8","MN-08","Minnesota","MN","08","R+8",39.18,32.92,45.45,0.221975264258832,"MN08",4.88285912934037,1.36,1.84,39.07,30.21,47.94,"MN","8"
"220","Mississippi 1","MS-01","Mississippi","MS","01","R+18",30.01,23.75,36.28,0.214517087682711,"MS01",4.88285912934037,0,0,29.9,21.04,38.77,"MS","1"
"221","Mississippi 2","MS-02","Mississippi","MS","02","D+11",62.2,55.93,68.47,0.24004910354373,"MS02",4.88285912934037,99.43,98.94,62.09,53.22,70.96,"MS","2"
"222","Mississippi 3","MS-03","Mississippi","MS","03","R+15",32.64,26.37,38.9,0.215460834005678,"MS03",4.88285912934037,0.02,0.04,32.53,23.66,41.4,"MS","3"
"223","Mississippi 4","MS-04","Mississippi","MS","04","R+22",26.45,20.18,32.71,0.234007844454818,"MS04",4.88285912934037,0,0,26.34,17.47,35.21,"MS","4"
"224","Missouri 1","MO-01","Missouri","MO","01","D+27",76.67,70.4,82.94,0.24540417953634,"MO01",4.88285912934037,100,100,76.56,67.7,85.43,"MO","1"
"225","Missouri 2","MO-02","Missouri","MO","02","R+7",40.07,33.81,46.34,0.224340266072684,"MO02",4.88285912934037,2.05,2.6,39.96,31.1,48.83,"MO","2"
"226","Missouri 3","MO-03","Missouri","MO","03","R+16",32,25.73,38.26,0.204623276631702,"MO03",4.88285912934037,0.02,0.06,31.89,23.03,40.76,"MO","3"
"227","Missouri 4","MO-04","Missouri","MO","04","R+23",25.72,19.45,31.99,0.222686486568047,"MO04",4.88285912934037,0,0,25.61,16.74,34.48,"MO","4"
"228","Missouri 5","MO-05","Missouri","MO","05","D+11",62.52,56.25,68.78,0.21376850481899,"MO05",4.88285912934037,99.48,99.07,62.41,53.54,71.27,"MO","5"
"229","Missouri 6","MO-06","Missouri","MO","06","R+21",27.52,21.26,33.79,0.215717659959595,"MO06",4.88285912934037,0,0,27.42,18.55,36.28,"MO","6"
"230","Missouri 7","MO-07","Missouri","MO","07","R+24",24.84,18.57,31.1,0.228053010390865,"MO07",4.88285912934037,0,0,24.73,15.86,33.6,"MO","7"
"231","Missouri 8","MO-08","Missouri","MO","08","R+28",21.26,14.99,27.53,0.250055426650578,"MO08",4.88285912934037,0,0,21.15,12.28,30.02,"MO","8"
"232","Montana 1","MT-01","Montana","MT","01","R+6",40.96,34.69,47.22,0.224762894423774,"MT01",4.88285912934037,3.46,4.24,40.85,31.98,49.72,"MT","1"
"233","Montana 2","MT-02","Montana","MT","02","R+16",31.97,25.7,38.23,0.199281871983518,"MT02",4.88285912934037,0.02,0.03,31.86,23,40.73,"MT","2"
"234","Nebraska 1","NE-01","Nebraska","NE","01","R+9",38.24,31.98,44.51,0.205421699205576,"NE01",4.88285912934037,0.8,1.13,38.14,29.27,47,"NE","1"
"235","Nebraska 2","NE-02","Nebraska","NE","02","0",46.25,39.98,52.51,0.229107687568484,"NE02",4.88285912934037,22.87,23.25,46.14,37.27,55.01,"NE","2"
"236","Nebraska 3","NE-03","Nebraska","NE","03","R+29",20.34,14.07,26.61,0.257092147189576,"NE03",4.88285912934037,0,0,20.23,11.36,29.1,"NE","3"
"237","Nevada 1","NV-01","Nevada","NV","01","D+3",55.22,48.96,61.49,0.224323211499619,"NV01",4.88285912934037,85.36,83.19,55.11,46.25,63.98,"NV","1"
"238","Nevada 2","NV-02","Nevada","NV","02","R+8",39.02,32.76,45.29,0.186909641053116,"NV02",4.88285912934037,1.4,1.73,38.91,30.05,47.78,"NV","2"
"239","Nevada 3","NV-03","Nevada","NV","03","D+1",53.42,47.16,59.69,0.236478591578614,"NV03",4.88285912934037,75.57,73.46,53.31,44.45,62.18,"NV","3"
"240","Nevada 4","NV-04","Nevada","NV","04","D+3",55.17,48.9,61.44,0.234932496974906,"NV04",4.88285912934037,85.09,83.23,55.06,46.19,63.93,"NV","4"
"241","New Hampshire 1","NH-01","New Hampshire","NH","01","0",52.89,46.62,59.16,0.280232327444905,"NH01",4.88285912934037,72.22,70.28,52.78,43.91,61.65,"NH","1"
"242","New Hampshire 2","NH-02","New Hampshire","NH","02","D+2",54.68,48.41,60.95,0.280850373406582,"NH02",4.88285912934037,83.56,81.26,54.57,45.7,63.44,"NH","2"
"243","New Jersey 1","NJ-01","New Jersey","NJ","01","D+10",61.62,55.36,67.89,0.21258394306567,"NJ01",4.88285912934037,99.13,98.58,61.51,52.65,70.38,"NJ","1"
"244","New Jersey 2","NJ-02","New Jersey","NJ","02","R+5",41.69,35.43,47.96,0.191911100317395,"NJ02",4.88285912934037,4.46,5.36,41.59,32.72,50.45,"NJ","2"
"245","New Jersey 3","NJ-03","New Jersey","NJ","03","D+5",57.17,50.91,63.44,0.219417313405121,"NJ03",4.88285912934037,92.55,90.8,57.06,48.2,65.93,"NJ","3"
"246","New Jersey 4","NJ-04","New Jersey","NJ","04","R+14",33.76,27.49,40.02,0.197273801579792,"NJ04",4.88285912934037,0.03,0.07,33.65,24.78,42.52,"NJ","4"
"247","New Jersey 5","NJ-05","New Jersey","NJ","05","D+4",56.24,49.98,62.51,0.216649084024984,"NJ05",4.88285912934037,89.6,87.17,56.14,47.27,65,"NJ","5"
"248","New Jersey 6","NJ-06","New Jersey","NJ","06","D+8",59.71,53.45,65.98,0.204512581058242,"NJ06",4.88285912934037,97.72,96.52,59.6,50.74,68.47,"NJ","6"
"249","New Jersey 7","NJ-07","New Jersey","NJ","07","R+1",51.87,45.6,58.14,0.246142210673189,"NJ07",4.88285912934037,65.27,63.31,51.76,42.9,60.63,"NJ","7"
"250","New Jersey 8","NJ-08","New Jersey","NJ","08","D+22",65.54,59.26,71.81,0.347291772870124,"NJ08",4.88285912934037,99.91,99.84,65.43,56.55,74.31,"NJ","8"
"251","New Jersey 9","NJ-09","New Jersey","NJ","09","D+8",59.65,53.38,65.91,0.212530633883636,"NJ09",4.88285912934037,97.44,96.45,59.54,50.67,68.41,"NJ","9"
"252","New Jersey 10","NJ-10","New Jersey","NJ","10","D+30",79.13,72.86,85.4,0.268525586730469,"NJ10",4.88285912934037,100,100,79.02,70.15,87.89,"NJ","10"
"253","New Jersey 11","NJ-11","New Jersey","NJ","11","D+6",58.07,51.81,64.34,0.219128389663232,"NJ11",4.88285912934037,94.57,93.25,57.96,49.1,66.83,"NJ","11"
"254","New Jersey 12","NJ-12","New Jersey","NJ","12","D+12",63.28,57.02,69.55,0.199623601626114,"NJ12",4.88285912934037,99.76,99.45,63.18,54.31,72.04,"NJ","12"
"255","New Mexico 1","NM-01","New Mexico","NM","01","D+5",56.99,50.72,63.26,0.218747697089392,"NM01",4.88285912934037,91.96,90.28,56.88,48.02,65.75,"NM","1"
"256","New Mexico 2","NM-02","New Mexico","NM","02","D+1",46.73,40.46,53,0.267665371411581,"NM02",4.88285912934037,25.66,26.26,46.62,37.75,55.49,"NM","2"
"257","New Mexico 3","NM-03","New Mexico","NM","03","D+4",55.99,49.72,62.26,0.252071903552303,"NM03",4.88285912934037,89.03,86.9,55.88,47.01,64.75,"NM","3"
"258","New York 1","NY-01","New York","NY","01","R+3",43.57,37.31,49.84,0.215913724841151,"NY01",4.88285912934037,9.58,10.94,43.46,34.6,52.33,"NY","1"
"259","New York 2","NY-02","New York","NY","02","R+3",43.44,37.17,49.7,0.195386530653262,"NY02",4.88285912934037,8.87,9.94,43.33,34.46,52.19,"NY","2"
"260","New York 3","NY-03","New York","NY","03","D+2",47.92,41.65,54.18,0.21665883662705,"NY03",4.88285912934037,33.37,34.29,47.81,38.94,56.68,"NY","3"
"261","New York 4","NY-04","New York","NY","04","D+5",50.53,44.27,56.8,0.22913583940826,"NY04",4.88285912934037,54.09,53.25,50.43,41.56,59.29,"NY","4"
"262","New York 5","NY-05","New York","NY","05","D+30",79.07,72.8,85.34,0.283820591590462,"NY05",4.88285912934037,100,100,78.96,70.09,87.83,"NY","5"
"263","New York 6","NY-06","New York","NY","06","D+15",65.8,59.54,72.07,0.223205226623828,"NY06",4.88285912934037,99.95,99.86,65.69,56.83,74.56,"NY","6"
"264","New York 7","NY-07","New York","NY","07","D+31",80.19,73.92,86.46,0.264065043539819,"NY07",4.88285912934037,100,100,80.08,71.21,88.95,"NY","7"
"265","New York 8","NY-08","New York","NY","08","D+26",75.61,69.34,81.88,0.243720615853407,"NY08",4.88285912934037,100,100,75.5,66.63,84.37,"NY","8"
"266","New York 9","NY-09","New York","NY","09","D+25",74.75,68.48,81.02,0.234997963267709,"NY09",4.88285912934037,100,100,74.64,65.77,83.51,"NY","9"
"267","New York 10","NY-10","New York","NY","10","D+35",77.4,71.11,83.69,0.479896197596223,"NY10",4.88285912934037,100,100,77.29,68.4,86.18,"NY","10"
"268","New York 11","NY-11","New York","NY","11","R+6",40.7,34.43,46.96,0.195044147949761,"NY11",4.88285912934037,3.14,3.9,40.59,31.72,49.45,"NY","11"
"269","New York 12","NY-12","New York","NY","12","D+34",83.18,76.9,89.46,0.373669556798879,"NY12",4.88285912934037,100,100,83.07,74.19,91.95,"NY","12"
"270","New York 13","NY-13","New York","NY","13","D+38",86.26,79.98,92.53,0.31371629759162,"NY13",4.88285912934037,100,100,86.15,77.28,95.02,"NY","13"
"271","New York 14","NY-14","New York","NY","14","D+28",77.34,71.07,83.61,0.262427593254872,"NY14",4.88285912934037,100,100,77.23,68.36,86.1,"NY","14"
"272","New York 15","NY-15","New York","NY","15","D+35",83.51,77.23,89.78,0.311344964208771,"NY15",4.88285912934037,100,100,83.4,74.53,92.27,"NY","15"
"273","New York 16","NY-16","New York","NY","16","D+20",70.41,64.14,76.67,0.211786785824995,"NY16",4.88285912934037,100,99.99,70.3,61.43,79.17,"NY","16"
"274","New York 17","NY-17","New York","NY","17","D+3",55.4,49.13,61.66,0.225739693059731,"NY17",4.88285912934037,86.58,84.55,55.29,46.42,64.16,"NY","17"
"275","New York 18","NY-18","New York","NY","18","D+1",53.6,47.34,59.87,0.230146887533541,"NY18",4.88285912934037,77.6,75.21,53.5,44.63,62.36,"NY","18"
"276","New York 19","NY-19","New York","NY","19","0",46.32,40.05,52.58,0.252443301872073,"NY19",4.88285912934037,22.12,23.23,46.21,37.34,55.08,"NY","19"
"277","New York 20","NY-20","New York","NY","20","D+7",59.07,52.8,65.33,0.248842998751923,"NY20",4.88285912934037,97.01,95.65,58.96,50.09,67.83,"NY","20"
"278","New York 21","NY-21","New York","NY","21","R+9",38.28,32.02,44.55,0.217956231927616,"NY21",4.88285912934037,0.78,1.04,38.18,29.31,47.04,"NY","21"
"279","New York 22","NY-22","New York","NY","22","D+1",47.18,40.91,53.45,0.247288159127134,"NY22",4.88285912934037,28.31,28.65,47.07,38.2,55.94,"NY","22"
"280","New York 23","NY-23","New York","NY","23","R+12",35.61,29.34,41.87,0.213619442950254,"NY23",4.88285912934037,0.14,0.31,35.5,26.63,44.37,"NY","23"
"281","New York 24","NY-24","New York","NY","24","R+11",36.49,30.23,42.76,0.212757399426647,"NY24",4.88285912934037,0.23,0.5,36.39,27.52,45.25,"NY","24"
"282","New York 25","NY-25","New York","NY","25","D+7",59,52.74,65.27,0.227977186052744,"NY25",4.88285912934037,96.97,95.52,58.9,50.03,67.76,"NY","25"
"283","New York 26","NY-26","New York","NY","26","D+9",60.79,54.52,67.05,0.22784341412721,"NY26",4.88285912934037,98.63,97.85,60.68,51.81,69.55,"NY","26"
"284","North Carolina 1","NC-01","North Carolina","NC","01","D+2",47.78,41.51,54.04,0.222321776316075,"NC01",4.88285912934037,32.85,33.52,47.67,38.8,56.54,"NC","1"
"285","North Carolina 2","NC-02","North Carolina","NC","02","D+12",63.42,57.15,69.68,0.217057593565494,"NC02",4.88285912934037,99.74,99.54,63.31,54.44,72.18,"NC","2"
"286","North Carolina 3","NC-03","North Carolina","NC","03","R+15",32.71,26.45,38.98,0.197996246462238,"NC03",4.88285912934037,0.01,0.04,32.61,23.74,41.47,"NC","3"
"287","North Carolina 4","NC-04","North Carolina","NC","04","D+16",60.42,54.15,66.69,0.311867354115938,"NC04",4.88285912934037,98.41,97.33,60.31,51.44,69.18,"NC","4"
"288","North Carolina 5","NC-05","North Carolina","NC","05","R+13",34.61,28.34,40.87,0.190461338588297,"NC05",4.88285912934037,0.07,0.18,34.5,25.64,43.37,"NC","5"
"289","North Carolina 6","NC-06","North Carolina","NC","06","D+4",56.17,49.9,62.43,0.214595971423239,"NC06",4.88285912934037,89.4,87.33,56.06,47.19,64.93,"NC","6"
"290","North Carolina 7","NC-07","North Carolina","NC","07","R+8",38.96,32.69,45.22,0.188145447922808,"NC07",4.88285912934037,1.27,1.74,38.85,29.98,47.71,"NC","7"
"291","North Carolina 8","NC-08","North Carolina","NC","08","R+20",28.3,22.04,34.57,0.21067123832682,"NC08",4.88285912934037,0,0.02,28.2,19.33,37.06,"NC","8"
"292","North Carolina 9","NC-09","North Carolina","NC","09","R+6",40.71,34.44,46.97,0.193332596938185,"NC09",4.88285912934037,3.05,4,40.6,31.73,49.46,"NC","9"
"293","North Carolina 10","NC-10","North Carolina","NC","10","R+22",26.56,20.29,32.82,0.217585827941444,"NC10",4.88285912934037,0,0,26.45,17.58,35.32,"NC","10"
"294","North Carolina 11","NC-11","North Carolina","NC","11","R+8",39.17,32.9,45.43,0.216892807175157,"NC11",4.88285912934037,1.28,1.74,39.06,30.19,47.93,"NC","11"
"295","North Carolina 12","NC-12","North Carolina","NC","12","D+13",64.15,57.88,70.41,0.200583298964081,"NC12",4.88285912934037,99.85,99.66,64.04,55.17,72.9,"NC","12"
"296","North Carolina 13","NC-13","North Carolina","NC","13","R+2",44.33,38.06,50.59,0.198524442127709,"NC13",4.88285912934037,12.7,13.69,44.22,35.36,53.09,"NC","13"
"297","North Carolina 14","NC-14","North Carolina","NC","14","D+6",51.5,45.23,57.77,0.240788954537222,"NC14",4.88285912934037,62.48,60.68,51.39,42.52,60.26,"NC","14"
"298","North Dakota at-large","ND-01","North Dakota","ND","01","R+20",28.4,22.13,34.66,0.210089392683404,"ND01",4.88285912934037,0,0,28.29,19.42,37.15,"ND","ND"
"299","Ohio 1","OH-01","Ohio","OH","01","D+2",47.98,41.72,54.25,0.227425868870368,"OH01",4.88285912934037,34.05,34.2,47.88,39.01,56.74,"OH","1"
"300","Ohio 2","OH-02","Ohio","OH","02","R+25",23.97,17.71,30.24,0.235460190223239,"OH02",4.88285912934037,0,0,23.87,15,32.73,"OH","2"
"301","Ohio 3","OH-03","Ohio","OH","03","D+20",70.55,64.29,76.82,0.238202670354591,"OH03",4.88285912934037,100,100,70.44,61.58,79.31,"OH","3"
"302","Ohio 4","OH-04","Ohio","OH","04","R+20",28.41,22.15,34.68,0.212004602081413,"OH04",4.88285912934037,0,0,28.31,19.44,37.17,"OH","4"
"303","Ohio 5","OH-05","Ohio","OH","05","R+15",32.88,26.61,39.14,0.200365736408553,"OH05",4.88285912934037,0.03,0.05,32.77,23.9,41.63,"OH","5"
"304","Ohio 6","OH-06","Ohio","OH","06","R+16",31.99,25.73,38.26,0.203466832797326,"OH06",4.88285912934037,0.01,0.02,31.89,23.02,40.75,"OH","6"
"305","Ohio 7","OH-07","Ohio","OH","07","R+7",40.07,33.8,46.34,0.223395352150329,"OH07",4.88285912934037,2.09,2.76,39.96,31.1,48.83,"OH","7"
"306","Ohio 8","OH-08","Ohio","OH","08","R+14",33.72,27.46,39.99,0.192239811816043,"OH08",4.88285912934037,0.06,0.07,33.61,24.75,42.48,"OH","8"
"307","Ohio 9","OH-09","Ohio","OH","09","R+3",50.09,43.82,56.35,0.253677988895078,"OH09",4.88285912934037,50.59,49.65,49.98,41.11,58.85,"OH","9"
"308","Ohio 10","OH-10","Ohio","OH","10","R+4",42.64,36.37,48.9,0.201752832198856,"OH10",4.88285912934037,6.68,7.65,42.53,33.66,51.39,"OH","10"
"309","Ohio 11","OH-11","Ohio","OH","11","D+28",77.56,71.29,83.83,0.250822541933412,"OH11",4.88285912934037,100,100,77.45,68.58,86.32,"OH","11"
"310","Ohio 12","OH-12","Ohio","OH","12","R+18",30.23,23.96,36.49,0.211120131525406,"OH12",4.88285912934037,0,0.01,30.12,21.25,38.99,"OH","12"
"311","Ohio 13","OH-13","Ohio","OH","13","R+1",45.37,39.1,51.64,0.228884274219905,"OH13",4.88285912934037,16.6,18.13,45.26,36.4,54.13,"OH","13"
"312","Ohio 14","OH-14","Ohio","OH","14","R+9",38.28,32.02,44.55,0.216895917151578,"OH14",4.88285912934037,1.03,1.34,38.17,29.31,47.04,"OH","14"
"313","Ohio 15","OH-15","Ohio","OH","15","R+6",40.9,34.63,47.16,0.205473569429531,"OH15",4.88285912934037,2.98,3.8,40.79,31.92,49.65,"OH","15"
"314","Oklahoma 1","OK-01","Oklahoma","OK","01","R+14",33.62,27.35,39.88,0.193766384718735,"OK01",4.88285912934037,0.05,0.07,33.51,24.64,42.37,"OK","1"
"315","Oklahoma 2","OK-02","Oklahoma","OK","02","R+29",20.15,13.88,26.42,0.293996042559979,"OK02",4.88285912934037,0,0,20.04,11.17,28.91,"OK","2"
"316","Oklahoma 3","OK-03","Oklahoma","OK","03","R+24",24.68,18.41,30.94,0.242097657975359,"OK03",4.88285912934037,0,0,24.57,15.7,33.44,"OK","3"
"317","Oklahoma 4","OK-04","Oklahoma","OK","04","R+19",29.15,22.89,35.42,0.212219736018831,"OK04",4.88285912934037,0.01,0.01,29.04,20.18,37.91,"OK","4"
"318","Oklahoma 5","OK-05","Oklahoma","OK","05","R+12",35.41,29.14,41.67,0.188623371732999,"OK05",4.88285912934037,0.15,0.33,35.3,26.44,44.17,"OK","5"
"319","Oregon 1","OR-01","Oregon","OR","01","D+18",68.89,62.62,75.16,0.274197936180023,"OR01",4.88285912934037,99.99,99.98,68.78,59.91,77.65,"OR","1"
"320","Oregon 2","OR-02","Oregon","OR","02","R+15",32.85,26.58,39.11,0.195574248107324,"OR02",4.88285912934037,0.01,0.05,32.74,23.87,41.6,"OR","2"
"321","Oregon 3","OR-03","Oregon","OR","03","D+22",72.46,66.18,78.73,0.292261627664725,"OR03",4.88285912934037,100,99.98,72.35,63.48,81.22,"OR","3"
"322","Oregon 4","OR-04","Oregon","OR","04","D+4",49.89,43.62,56.16,0.278337583508245,"OR04",4.88285912934037,49.19,48.37,49.79,40.92,58.66,"OR","4"
"323","Oregon 5","OR-05","Oregon","OR","05","D+2",48.1,41.84,54.37,0.26459467855303,"OR05",4.88285912934037,34.41,34.84,48,39.13,56.87,"OR","5"
"324","Oregon 6","OR-06","Oregon","OR","06","D+4",49.82,43.56,56.09,0.253829234839717,"OR06",4.88285912934037,48.41,47.23,49.72,40.85,58.58,"OR","6"
"325","Pennsylvania 1","PA-01","Pennsylvania","PA","01","0",46.31,40.04,52.58,0.249143253533007,"PA01",4.88285912934037,23.15,23.64,46.2,37.33,55.07,"PA","1"
"326","Pennsylvania 2","PA-02","Pennsylvania","PA","02","D+20",70.37,64.1,76.63,0.211526631715298,"PA02",4.88285912934037,100,100,70.26,61.39,79.13,"PA","2"
"327","Pennsylvania 3","PA-03","Pennsylvania","PA","03","D+39",87.3,81.03,93.58,0.317692454858941,"PA03",4.88285912934037,100,100,87.2,78.32,96.07,"PA","3"
"328","Pennsylvania 4","PA-04","Pennsylvania","PA","04","D+7",59.08,52.81,65.34,0.252398395200952,"PA04",4.88285912934037,96.59,95.6,58.97,50.1,67.84,"PA","4"
"329","Pennsylvania 5","PA-05","Pennsylvania","PA","05","D+14",65.2,58.94,71.47,0.219852570010253,"PA05",4.88285912934037,99.89,99.8,65.09,56.23,73.96,"PA","5"
"330","Pennsylvania 6","PA-06","Pennsylvania","PA","06","D+5",57.25,50.98,63.51,0.238038603612296,"PA06",4.88285912934037,92.92,91.06,57.14,48.27,66.01,"PA","6"
"331","Pennsylvania 7","PA-07","Pennsylvania","PA","07","R+2",50.96,44.69,57.23,0.246050845366718,"PA07",4.88285912934037,58.08,56.4,50.85,41.98,59.72,"PA","7"
"332","Pennsylvania 8","PA-08","Pennsylvania","PA","08","R+4",49.22,42.95,55.48,0.261776537595246,"PA08",4.88285912934037,43.85,43.84,49.11,40.24,57.98,"PA","8"
"333","Pennsylvania 9","PA-09","Pennsylvania","PA","09","R+21",27.54,21.27,33.8,0.217317951124617,"PA09",4.88285912934037,0,0,27.43,18.56,36.29,"PA","9"
"334","Pennsylvania 10","PA-10","Pennsylvania","PA","10","R+5",41.77,35.5,48.03,0.202977185418415,"PA10",4.88285912934037,5.08,5.96,41.66,32.79,50.52,"PA","10"
"335","Pennsylvania 11","PA-11","Pennsylvania","PA","11","R+13",34.66,28.4,40.93,0.198841433327448,"PA11",4.88285912934037,0.09,0.16,34.55,25.69,43.42,"PA","11"
"336","Pennsylvania 12","PA-12","Pennsylvania","PA","12","D+8",53.42,47.15,59.69,0.287778582651878,"PA12",4.88285912934037,75.6,73.66,53.31,44.44,62.18,"PA","12"
"337","Pennsylvania 13","PA-13","Pennsylvania","PA","13","R+25",23.97,17.7,30.24,0.234852511027217,"PA13",4.88285912934037,0,0,23.86,14.99,32.73,"PA","13"
"338","Pennsylvania 14","PA-14","Pennsylvania","PA","14","R+18",30.24,23.98,36.51,0.214536205941676,"PA14",4.88285912934037,0,0,30.14,21.27,39,"PA","14"
"339","Pennsylvania 15","PA-15","Pennsylvania","PA","15","R+21",27.55,21.29,33.82,0.219798871852185,"PA15",4.88285912934037,0,0,27.44,18.58,36.31,"PA","15"
"340","Pennsylvania 16","PA-16","Pennsylvania","PA","16","R+13",34.71,28.44,40.97,0.210588689582731,"PA16",4.88285912934037,0.12,0.17,34.6,25.73,43.47,"PA","16"
"341","Pennsylvania 17","PA-17","Pennsylvania","PA","17","0",46.33,40.06,52.59,0.255750986361815,"PA17",4.88285912934037,22.6,23.31,46.22,37.35,55.09,"PA","17"
"342","Rhode Island 1","RI-01","Rhode Island","RI","01","D+12",63.48,57.22,69.75,0.237095354852492,"RI01",4.88285912934037,99.7,99.47,63.38,54.51,72.24,"RI","1"
"343","Rhode Island 2","RI-02","Rhode Island","RI","02","D+4",49.85,43.59,56.12,0.263881353186623,"RI02",4.88285912934037,48.21,47.02,49.75,40.88,58.62,"RI","2"
"344","South Carolina 1","SC-01","South Carolina","SC","01","R+7",39.91,33.65,46.18,0.188221955850745,"SC01",4.88285912934037,1.96,2.5,39.81,30.94,48.67,"SC","1"
"345","South Carolina 2","SC-02","South Carolina","SC","02","R+8",38.96,32.69,45.22,0.187954969995532,"SC02",4.88285912934037,1.32,1.75,38.85,29.99,47.72,"SC","2"
"346","South Carolina 3","SC-03","South Carolina","SC","03","R+21",27.39,21.13,33.66,0.217862926144548,"SC03",4.88285912934037,0,0,27.29,18.42,36.15,"SC","3"
"347","South Carolina 4","SC-04","South Carolina","SC","04","R+12",35.42,29.15,41.68,0.187842798527083,"SC04",4.88285912934037,0.15,0.3,35.31,26.45,44.18,"SC","4"
"348","South Carolina 5","SC-05","South Carolina","SC","05","R+12",35.39,29.12,41.65,0.190971036361078,"SC05",4.88285912934037,0.14,0.24,35.28,26.42,44.15,"SC","5"
"349","South Carolina 6","SC-06","South Carolina","SC","06","D+14",64.99,58.73,71.26,0.205207212339892,"SC06",4.88285912934037,99.91,99.76,64.89,56.02,73.75,"SC","6"
"350","South Carolina 7","SC-07","South Carolina","SC","07","R+11",36.28,30.02,42.54,0.189494900328615,"SC07",4.88285912934037,0.22,0.47,36.17,27.31,45.04,"SC","7"
"351","South Dakota at-large","SD-01","South Dakota","SD","01","R+16",31.97,25.7,38.23,0.199031187870776,"SD01",4.88285912934037,0.01,0.01,31.86,22.99,40.72,"SD","SD"
"352","Tennessee 1","TN-01","Tennessee","TN","01","R+30",19.49,13.22,25.76,0.262683567584417,"TN01",4.88285912934037,0,0,19.38,10.51,28.25,"TN","1"
"353","Tennessee 2","TN-02","Tennessee","TN","02","R+18",30.2,23.93,36.46,0.20589305118375,"TN02",4.88285912934037,0.01,0.02,30.09,21.22,38.96,"TN","2"
"354","Tennessee 3","TN-03","Tennessee","TN","03","R+19",29.25,22.99,35.52,0.204420627673629,"TN03",4.88285912934037,0,0,29.15,20.28,38.01,"TN","3"
"355","Tennessee 4","TN-04","Tennessee","TN","04","R+22",26.57,20.3,32.83,0.217289311734341,"TN04",4.88285912934037,0,0,26.46,17.59,35.32,"TN","4"
"356","Tennessee 5","TN-05","Tennessee","TN","05","R+9",38.17,31.9,44.43,0.189506521550012,"TN05",4.88285912934037,0.78,0.99,38.06,29.2,46.93,"TN","5"
"357","Tennessee 6","TN-06","Tennessee","TN","06","R+17",31.06,24.79,37.32,0.199365577699703,"TN06",4.88285912934037,0,0.03,30.95,22.09,39.82,"TN","6"
"358","Tennessee 7","TN-07","Tennessee","TN","07","R+10",37.24,30.98,43.5,0.185911923294751,"TN07",4.88285912934037,0.44,0.74,37.13,28.27,46,"TN","7"
"359","Tennessee 8","TN-08","Tennessee","TN","08","R+21",27.41,21.14,33.67,0.216251869576387,"TN08",4.88285912934037,0,0,27.3,18.43,36.16,"TN","8"
"360","Tennessee 9","TN-09","Tennessee","TN","09","D+22",72.03,65.76,78.3,0.233577212327916,"TN09",4.88285912934037,100,100,71.92,63.06,80.79,"TN","9"
"361","Texas 1","TX-01","Texas","TX","01","R+26",22.84,16.57,29.11,0.268933209574949,"TX01",4.88285912934037,0,0,22.73,13.86,31.6,"TX","1"
"362","Texas 2","TX-02","Texas","TX","02","R+15",32.65,26.38,38.91,0.213193466863803,"TX02",4.88285912934037,0.01,0.05,32.54,23.67,41.4,"TX","2"
"363","Texas 3","TX-03","Texas","TX","03","R+11",36.28,30.02,42.55,0.18925981137146,"TX03",4.88285912934037,0.26,0.45,36.17,27.31,45.04,"TX","3"
"364","Texas 4","TX-04","Texas","TX","04","R+16",31.84,25.58,38.1,0.198515639414864,"TX04",4.88285912934037,0.01,0.03,31.73,22.87,40.6,"TX","4"
"365","Texas 5","TX-05","Texas","TX","05","R+14",33.53,27.26,39.79,0.21339860893979,"TX05",4.88285912934037,0,0.04,33.42,24.55,42.28,"TX","5"
"366","Texas 6","TX-06","Texas","TX","06","R+15",32.6,26.34,38.87,0.22653625156899,"TX06",4.88285912934037,0,0.01,32.5,23.63,41.36,"TX","6"
"367","Texas 7","TX-07","Texas","TX","07","D+13",64.04,57.77,70.3,0.21930769581745,"TX07",4.88285912934037,99.76,99.62,63.93,55.06,72.8,"TX","7"
"368","Texas 8","TX-08","Texas","TX","08","R+16",31.7,25.44,37.97,0.23414632774912,"TX08",4.88285912934037,0,0.05,31.59,22.73,40.46,"TX","8"
"369","Texas 9","TX-09","Texas","TX","09","D+26",75.5,69.23,81.77,0.271209610457973,"TX09",4.88285912934037,100,100,75.39,66.52,84.26,"TX","9"
"370","Texas 10","TX-10","Texas","TX","10","R+13",34.47,28.2,40.73,0.197709721442724,"TX10",4.88285912934037,0.06,0.1,34.36,25.5,43.23,"TX","10"
"371","Texas 11","TX-11","Texas","TX","11","R+23",25.37,19.1,31.64,0.305563277207187,"TX11",4.88285912934037,0,0,25.26,16.39,34.14,"TX","11"
"372","Texas 12","TX-12","Texas","TX","12","R+12",35.37,29.1,41.63,0.194608287568854,"TX12",4.88285912934037,0.18,0.25,35.26,26.39,44.12,"TX","12"
"373","Texas 13","TX-13","Texas","TX","13","R+26",22.84,16.57,29.11,0.269142265758331,"TX13",4.88285912934037,0,0,22.73,13.86,31.6,"TX","13"
"374","Texas 14","TX-14","Texas","TX","14","R+17",30.83,24.57,37.1,0.230605176017774,"TX14",4.88285912934037,0.01,0.03,30.72,21.86,39.59,"TX","14"
"375","Texas 15","TX-15","Texas","TX","15","R+1",44.81,38.53,51.08,0.331706529665465,"TX15",4.88285912934037,14.44,15.27,44.7,35.82,53.57,"TX","15"
"376","Texas 16","TX-16","Texas","TX","16","D+17",67.4,61.13,73.67,0.292880600191407,"TX16",4.88285912934037,99.98,99.96,67.3,58.42,76.17,"TX","16"
"377","Texas 17","TX-17","Texas","TX","17","R+14",33.54,27.27,39.8,0.209952442783712,"TX17",4.88285912934037,0.05,0.04,33.43,24.56,42.3,"TX","17"
"378","Texas 18","TX-18","Texas","TX","18","D+23",72.86,66.59,79.13,0.252566404721332,"TX18",4.88285912934037,100,100,72.75,63.88,81.62,"TX","18"
"379","Texas 19","TX-19","Texas","TX","19","R+26",22.74,16.47,29.01,0.306121385746378,"TX19",4.88285912934037,0,0,22.63,13.76,31.5,"TX","19"
"380","Texas 20","TX-20","Texas","TX","20","D+15",65.67,59.4,71.94,0.271263067026309,"TX20",4.88285912934037,99.97,99.79,65.56,56.69,74.43,"TX","20"
"381","Texas 21","TX-21","Texas","TX","21","R+13",34.47,28.2,40.73,0.198320849326257,"TX21",4.88285912934037,0.09,0.13,34.36,25.49,43.22,"TX","21"
"382","Texas 22","TX-22","Texas","TX","22","R+11",36.13,29.86,42.4,0.229662542280221,"TX22",4.88285912934037,0.22,0.36,36.02,27.16,44.89,"TX","22"
"383","Texas 23","TX-23","Texas","TX","23","R+5",41.34,35.07,47.61,0.284607514821615,"TX23",4.88285912934037,3.85,4.49,41.23,32.36,50.1,"TX","23"
"384","Texas 24","TX-24","Texas","TX","24","R+10",37.22,30.95,43.48,0.185636747748471,"TX24",4.88285912934037,0.52,0.84,37.11,28.24,45.97,"TX","24"
"385","Texas 25","TX-25","Texas","TX","25","R+19",29.11,22.84,35.38,0.221212988118521,"TX25",4.88285912934037,0,0,29,20.14,37.87,"TX","25"
"386","Texas 26","TX-26","Texas","TX","26","R+13",34.5,28.23,40.76,0.192848852796604,"TX26",4.88285912934037,0.1,0.18,34.39,25.52,43.25,"TX","26"
"387","Texas 27","TX-27","Texas","TX","27","R+13",34.25,27.98,40.52,0.277569919544334,"TX27",4.88285912934037,0.04,0.11,34.14,25.27,43.01,"TX","27"
"388","Texas 28","TX-28","Texas","TX","28","D+3",54.93,48.65,61.2,0.331098229691341,"TX28",4.88285912934037,83.94,81.76,54.82,45.94,63.69,"TX","28"
"389","Texas 29","TX-29","Texas","TX","29","D+18",68.28,62.01,74.55,0.297307872343789,"TX29",4.88285912934037,100,100,68.18,59.3,77.05,"TX","29"
"390","Texas 30","TX-30","Texas","TX","30","D+27",69.93,63.65,76.21,0.390436064257998,"TX30",4.88285912934037,100,100,69.82,60.94,78.7,"TX","30"
"391","Texas 31","TX-31","Texas","TX","31","R+14",33.59,27.32,39.85,0.198153258863941,"TX31",4.88285912934037,0.05,0.05,33.48,24.61,42.35,"TX","31"
"392","Texas 32","TX-32","Texas","TX","32","D+14",65.01,58.74,71.27,0.203582764306206,"TX32",4.88285912934037,99.94,99.78,64.9,56.03,73.76,"TX","32"
"393","Texas 33","TX-33","Texas","TX","33","D+24",73.76,67.49,80.02,0.253954555514077,"TX33",4.88285912934037,100,100,73.65,64.78,82.52,"TX","33"
"394","Texas 34","TX-34","Texas","TX","34","D+9",60.2,53.92,66.47,0.347218611222376,"TX34",4.88285912934037,98.47,97.42,60.09,51.21,68.97,"TX","34"
"395","Texas 35","TX-35","Texas","TX","35","D+21",64.63,58.36,70.9,0.341752149917409,"TX35",4.88285912934037,99.87,99.7,64.52,55.65,73.4,"TX","35"
"396","Texas 36","TX-36","Texas","TX","36","R+18",29.93,23.66,36.2,0.23817179987213,"TX36",4.88285912934037,0.01,0.01,29.82,20.96,38.69,"TX","36"
"397","Texas 37","TX-37","Texas","TX","37","D+24",67.59,61.31,73.87,0.385554630973814,"TX37",4.88285912934037,100,99.99,67.48,58.6,76.36,"TX","37"
"398","Texas 38","TX-38","Texas","TX","38","R+12",35.31,29.05,41.58,0.207032227854798,"TX38",4.88285912934037,0.08,0.21,35.21,26.34,44.07,"TX","38"
"399","Utah 1","UT-01","Utah","UT","01","R+12",35.54,29.27,41.8,0.195506866050111,"UT01",4.88285912934037,0.18,0.29,35.43,26.56,44.29,"UT","1"
"400","Utah 2","UT-02","Utah","UT","02","R+11",36.4,30.14,42.67,0.191124571235952,"UT02",4.88285912934037,0.3,0.47,36.3,27.43,45.16,"UT","2"
"401","Utah 3","UT-03","Utah","UT","03","R+13",34.65,28.39,40.92,0.196890460929544,"UT03",4.88285912934037,0.07,0.13,34.54,25.68,43.41,"UT","3"
"402","Utah 4","UT-04","Utah","UT","04","R+16",31.94,25.67,38.2,0.19582908462153,"UT04",4.88285912934037,0.01,0.01,31.83,22.96,40.7,"UT","4"
"403","Vermont at-large","VT-01","Vermont","VT","01","D+16",60.72,54.44,67,0.412758196376278,"VT01",4.88285912934037,98.55,97.67,60.61,51.73,69.49,"VT","VT"
"404","Virginia 1","VA-01","Virginia","VA","01","R+6",40.84,34.58,47.11,0.194504306309216,"VA01",4.88285912934037,3.15,3.9,40.74,31.87,49.6,"VA","1"
"405","Virginia 2","VA-02","Virginia","VA","02","R+2",50.83,44.57,57.1,0.240476987815081,"VA02",4.88285912934037,57.51,56.01,50.73,41.86,59.59,"VA","2"
"406","Virginia 3","VA-03","Virginia","VA","03","D+17",67.68,61.42,73.95,0.205694059404701,"VA03",4.88285912934037,100,99.97,67.57,58.71,76.44,"VA","3"
"407","Virginia 4","VA-04","Virginia","VA","04","D+16",66.81,60.54,73.07,0.203148693651058,"VA04",4.88285912934037,99.98,99.92,66.7,57.83,75.56,"VA","4"
"408","Virginia 5","VA-05","Virginia","VA","05","R+7",39.91,33.64,46.17,0.187811117547626,"VA05",4.88285912934037,2.03,2.78,39.8,30.94,48.66,"VA","5"
"409","Virginia 6","VA-06","Virginia","VA","06","R+14",33.75,27.48,40.01,0.195706939578459,"VA06",4.88285912934037,0.09,0.09,33.64,24.78,42.51,"VA","6"
"410","Virginia 7","VA-07","Virginia","VA","07","D+1",53.5,47.23,59.76,0.226460103109206,"VA07",4.88285912934037,77.15,74.44,53.39,44.52,62.26,"VA","7"
"411","Virginia 8","VA-08","Virginia","VA","08","D+26",75.91,69.64,82.18,0.26949464280734,"VA08",4.88285912934037,100,100,75.8,66.93,84.67,"VA","8"
"412","Virginia 9","VA-09","Virginia","VA","09","R+23",25.73,19.46,31.99,0.223020552287434,"VA09",4.88285912934037,0,0,25.62,16.75,34.48,"VA","9"
"413","Virginia 10","VA-10","Virginia","VA","10","D+6",58.01,51.75,64.28,0.210128885816048,"VA10",4.88285912934037,95.16,93.39,57.9,49.04,66.77,"VA","10"
"414","Virginia 11","VA-11","Virginia","VA","11","D+18",68.72,62.45,74.98,0.217946731217283,"VA11",4.88285912934037,100,99.98,68.61,59.74,77.48,"VA","11"
"415","Washington 1","WA-01","Washington","WA","01","D+13",64.38,58.12,70.65,0.241960877158362,"WA01",4.88285912934037,99.89,99.7,64.28,55.41,73.14,"WA","1"
"416","Washington 2","WA-02","Washington","WA","02","D+9",60.84,54.57,67.1,0.244575233419365,"WA02",4.88285912934037,98.8,97.97,60.73,51.86,69.6,"WA","2"
"417","Washington 3","WA-03","Washington","WA","03","R+5",41.81,35.55,48.08,0.215452566524803,"WA03",4.88285912934037,4.42,5.91,41.7,32.84,50.57,"WA","3"
"418","Washington 4","WA-04","Washington","WA","04","R+11",36.29,30.02,42.55,0.188851501382319,"WA04",4.88285912934037,0.18,0.47,36.18,27.31,45.04,"WA","4"
"419","Washington 5","WA-05","Washington","WA","05","R+8",39.13,32.87,45.4,0.206811326766008,"WA05",4.88285912934037,1.24,1.91,39.03,30.16,47.89,"WA","5"
"420","Washington 6","WA-06","Washington","WA","06","D+6",58.15,51.89,64.42,0.241908818088691,"WA06",4.88285912934037,95.27,93.62,58.05,49.18,66.91,"WA","6"
"421","Washington 7","WA-07","Washington","WA","07","D+36",84.98,78.7,91.26,0.39628474657851,"WA07",4.88285912934037,100,100,84.87,75.99,93.75,"WA","7"
"422","Washington 8","WA-08","Washington","WA","08","D+1",53.69,47.42,59.95,0.247404534914097,"WA08",4.88285912934037,77.09,75.21,53.58,44.71,62.45,"WA","8"
"423","Washington 9","WA-09","Washington","WA","09","D+21",71.36,65.09,77.62,0.221474796785387,"WA09",4.88285912934037,100,100,71.25,62.38,80.11,"WA","9"
"424","Washington 10","WA-10","Washington","WA","10","D+7",58.96,52.7,65.23,0.217393739342109,"WA10",4.88285912934037,96.56,95.07,58.85,49.99,67.72,"WA","10"
"425","West Virginia 1","WV-01","West Virginia","WV","01","R+23",25.75,19.49,32.02,0.22553656881354,"WV01",4.88285912934037,0,0,25.65,16.78,34.51,"WV","1"
"426","West Virginia 2","WV-02","West Virginia","WV","02","R+22",26.65,20.38,32.92,0.221989235483165,"WV02",4.88285912934037,0,0,26.54,17.68,35.41,"WV","2"
"427","Wisconsin 1","WI-01","Wisconsin","WI","01","R+3",43.59,37.32,49.85,0.220279488160326,"WI01",4.88285912934037,9.07,10.21,43.48,34.61,52.35,"WI","1"
"428","Wisconsin 2","WI-02","Wisconsin","WI","02","D+19",69.88,63.6,76.15,0.325020497320487,"WI02",4.88285912934037,100,100,69.77,60.9,78.64,"WI","2"
"429","Wisconsin 3","WI-03","Wisconsin","WI","03","R+4",42.79,36.52,49.06,0.250232951390426,"WI03",4.88285912934037,6.89,7.93,42.68,33.81,51.55,"WI","3"
"430","Wisconsin 4","WI-04","Wisconsin","WI","04","D+25",74.92,68.65,81.18,0.238813891605255,"WI04",4.88285912934037,100,100,74.81,65.94,83.68,"WI","4"
"431","Wisconsin 5","WI-05","Wisconsin","WI","05","R+14",33.81,27.54,40.07,0.208073545906237,"WI05",4.88285912934037,0.05,0.06,33.7,24.83,42.56,"WI","5"
"432","Wisconsin 6","WI-06","Wisconsin","WI","06","R+10",37.4,31.13,43.66,0.217151474909659,"WI06",4.88285912934037,0.45,0.79,37.29,28.42,46.15,"WI","6"
"433","Wisconsin 7","WI-07","Wisconsin","WI","07","R+12",35.62,29.35,41.88,0.21648141066296,"WI07",4.88285912934037,0.27,0.39,35.51,26.64,44.37,"WI","7"
"434","Wisconsin 8","WI-08","Wisconsin","WI","08","R+10",37.38,31.12,43.65,0.212349267984444,"WI08",4.88285912934037,0.51,0.85,37.27,28.41,46.14,"WI","8"
"435","Wyoming at-large","WY-01","Wyoming","WY","01","R+25",23.91,17.64,30.17,0.232704007122988,"WY01",4.88285912934037,0,0,23.8,14.93,32.66,"WY","WY"
